title,year,runtime,rating,url,popularity_score,genres,release_date
1. The Shawshank Redemption,1994,2h 22m,9.3,https://www.imdb.com/title/tt0111161/?ref_=chttp_t_1,80,"Epic, Period Drama, Prison Drama, Drama","October 14, 1994"
2. The Godfather,1972,2h 55m,9.2,https://www.imdb.com/title/tt0068646/?ref_=chttp_t_2,106,"Epic, Gangster, Tragedy, Crime, Drama","March 24, 1972"
3. The Dark Knight,2008,2h 32m,9.0,https://www.imdb.com/title/tt0468569/?ref_=chttp_t_3,146,"Action Epic, Epic, Superhero, Action, Crime, Drama, Thriller","July 18, 2008"
6. The Lord of the Rings: The Return of the King,2003,3h 21m,9.0,https://www.imdb.com/title/tt0167260/?ref_=chttp_t_4,221,"Adventure Epic, Epic, Fantasy Epic, Mountain Adventure, Quest, Sword & Sorcery, Tragedy, Adventure, Drama, Fantasy","December 17, 2003"
5. 12 Angry Men,1957,1h 36m,9.0,https://www.imdb.com/title/tt0050083/?ref_=chttp_t_5,248,"Legal Drama, Psychological Drama, Crime, Drama","April 10, 1957"
7. Schindler's List,1993,3h 15m,9.0,https://www.imdb.com/title/tt0108052/?ref_=chttp_t_6,263,"Docudrama, Epic, Historical Epic, Period Drama, Prison Drama, Biography, Drama, History","February 4, 1994"
4. The Godfather Part II,1974,3h 22m,9.0,https://www.imdb.com/title/tt0071562/?ref_=chttp_t_7,368,"Epic, Gangster, Tragedy, Crime, Drama","December 18, 1974"
9. The Lord of the Rings: The Fellowship of the Ring,2001,2h 58m,8.9,https://www.imdb.com/title/tt0120737/?ref_=chttp_t_8,114,"Adventure Epic, Epic, Fantasy Epic, Quest, Sword & Sorcery, Adventure, Drama, Fantasy","December 19, 2001"
8. Pulp Fiction,1994,2h 34m,8.9,https://www.imdb.com/title/tt0110912/?ref_=chttp_t_9,138,"Dark Comedy, Drug Crime, Gangster, Crime, Drama","October 14, 1994"
14. Inception,2010,2h 28m,8.8,https://www.imdb.com/title/tt1375666/?ref_=chttp_t_10,152,"Action Epic, Adventure Epic, Psychological Thriller, Sci-Fi Epic, Action, Adventure, Sci-Fi, Thriller","July 16, 2010"
13. Fight Club,1999,2h 19m,8.8,https://www.imdb.com/title/tt0137523/?ref_=chttp_t_11,201,"Psychological Drama, Workplace Drama, Drama","October 15, 1999"
11. Forrest Gump,1994,2h 22m,8.8,https://www.imdb.com/title/tt0109830/?ref_=chttp_t_12,301,"Epic, Drama, Romance","July 6, 1994"
12. The Lord of the Rings: The Two Towers,2002,2h 59m,8.8,https://www.imdb.com/title/tt0167261/?ref_=chttp_t_13,335,"Adventure Epic, Dark Fantasy, Epic, Fantasy Epic, Quest, Sword & Sorcery, Adventure, Drama, Fantasy","December 18, 2002"
"10. The Good, the Bad and the Ugly",1966,2h 58m,8.8,https://www.imdb.com/title/tt0060196/?ref_=chttp_t_14,392,"Adventure Epic, Desert Adventure, Epic, Period Drama, Quest, Spaghetti Western, Western Epic, Adventure, Drama, Western","December 29, 1967"
61. 12th Fail,2023,2h 27m,8.8,https://www.imdb.com/title/tt23849204/?ref_=chttp_t_15,"1,523","Docudrama, Biography, Drama","October 27,"
19. Interstellar,2014,2h 49m,8.7,https://www.imdb.com/title/tt0816692/?ref_=chttp_t_16,31,"Adventure Epic, Epic, Quest, Sci-Fi Epic, Space Sci-Fi, Adventure, Drama, Sci-Fi","November 7, 2014"
16. The Matrix,1999,2h 16m,8.7,https://www.imdb.com/title/tt0133093/?ref_=chttp_t_17,217,"Action Epic, Artificial Intelligence, Cyberpunk, Dystopian Sci-Fi, Gun Fu, Martial Arts, Sci-Fi Epic, Action, Sci-Fi","March 31, 1999"
17. Goodfellas,1990,2h 25m,8.7,https://www.imdb.com/title/tt0099685/?ref_=chttp_t_18,218,"Docudrama, Gangster, True Crime, Biography, Crime, Drama","September 21, 1990"
18. One Flew Over the Cuckoo's Nest,1975,2h 13m,8.7,https://www.imdb.com/title/tt0073486/?ref_=chttp_t_19,455,"Medical Drama, Psychological Drama, Drama","November 19, 1975"
15. Star Wars: Episode V - The Empire Strikes Back,1980,2h 4m,8.7,https://www.imdb.com/title/tt0080684/?ref_=chttp_t_20,677,"Action Epic, Adventure Epic, Dark Fantasy, Fantasy Epic, Quest, Sci-Fi Epic, Space Sci-Fi, Sword & Sorcery, Action, Adventure","June 18, 1980"
176. Demon Slayer: Kimetsu no Yaiba - Tsuzumi Mansion Arc,2021,1h 27m,8.7,https://www.imdb.com/title/tt16492678/?ref_=chttp_t_21,N/A,"Anime, Action, Animation, Fantasy","October 7, 2021"
227. Jai Bhim,2021,2h 44m,8.7,https://www.imdb.com/title/tt15097216/?ref_=chttp_t_22,N/A,"Legal Drama, Crime, Drama","November 2, 2021"
21. It's a Wonderful Life,1946,2h 10m,8.6,https://www.imdb.com/title/tt0038650/?ref_=chttp_t_23,58,"Feel-Good Romance, Holiday Family, Holiday Romance, Psychological Drama, Drama, Family, Fantasy, Holiday, Romance","January 7, 1947"
20. Se7en,1995,2h 7m,8.6,https://www.imdb.com/title/tt0114369/?ref_=chttp_t_24,192,"Cop Drama, Hard-boiled Detective, Legal Drama, Police Procedural, Psychological Thriller, Serial Killer, Crime, Drama, Mystery, Thriller","September 22, 1995"
23. The Silence of the Lambs,1991,1h 58m,8.6,https://www.imdb.com/title/tt0102926/?ref_=chttp_t_25,238,"Police Procedural, Psychological Drama, Psychological Thriller, Serial Killer, Crime, Drama, Thriller","February 14, 1991"
26. The Green Mile,1999,3h 9m,8.6,https://www.imdb.com/title/tt0120689/?ref_=chttp_t_26,245,"Period Drama, Prison Drama, Supernatural Fantasy, Tragedy, Crime, Drama, Fantasy, Mystery","December 10, 1999"
40. Spider-Man: Across the Spider-Verse,2023,2h 20m,8.6,https://www.imdb.com/title/tt9362722/?ref_=chttp_t_27,253,"Computer Animation, Superhero, Supernatural Fantasy, Teen Adventure, Urban Adventure, Action, Adventure, Animation, Family, Fantasy","June 2, 2023"
29. Star Wars: Episode IV - A New Hope,1977,2h 1m,8.6,https://www.imdb.com/title/tt0076759/?ref_=chttp_t_28,304,"Action Epic, Adventure Epic, Fantasy Epic, Quest, Sci-Fi Epic, Space Sci-Fi, Sword & Sorcery, Action, Adventure, Fantasy","May 25, 1977"
24. Saving Private Ryan,1998,2h 49m,8.6,https://www.imdb.com/title/tt0120815/?ref_=chttp_t_29,353,"Epic, Period Drama, War Epic, Drama, War","July 24, 1998"
25. City of God,2002,2h 10m,8.6,https://www.imdb.com/title/tt0317248/?ref_=chttp_t_30,393,"Caper, Coming-of-Age, Gangster, Crime, Drama","February 13, 2004"
28. Terminator 2: Judgment Day,1991,2h 17m,8.6,https://www.imdb.com/title/tt0103064/?ref_=chttp_t_31,447,"Action Epic, Artificial Intelligence, Cyberpunk, Dystopian Sci-Fi, Sci-Fi Epic, Time Travel, Action, Adventure, Sci-Fi","July 3, 1991"
31. Spirited Away,2001,2h 4m,8.6,https://www.imdb.com/title/tt0245429/?ref_=chttp_t_32,531,"Anime, Coming-of-Age, Fairy Tale, Hand-Drawn Animation, Quest, Supernatural Fantasy, Adventure, Animation, Family, Fantasy","March 28, 2003"
27. Life Is Beautiful,1997,1h 56m,8.6,https://www.imdb.com/title/tt0118799/?ref_=chttp_t_33,720,"Period Drama, Tragedy, Tragic Romance, Comedy, Drama, Romance, War","December 20,"
22. Seven Samurai,1954,3h 27m,8.6,https://www.imdb.com/title/tt0047478/?ref_=chttp_t_34,"1,476","Action Epic, Epic, Period Drama, Samurai, Action, Drama","November 19, 1956"
44. Harakiri,1962,2h 13m,8.6,https://www.imdb.com/title/tt0056058/?ref_=chttp_t_35,"1,590","Period Drama, Drama, Mystery","August 4, 1964"
34. Gladiator,2000,2h 35m,8.5,https://www.imdb.com/title/tt0172495/?ref_=chttp_t_36,34,"Action Epic, Adventure Epic, Epic, Period Drama, Sword & Sandal, Action, Adventure, Drama","May 5, 2000"
49. Dune: Part Two,2024,2h 46m,8.5,https://www.imdb.com/title/tt15239678/?ref_=chttp_t_37,61,"Action Epic, Desert Adventure, Epic, Sci-Fi Epic, Space Sci-Fi, Action, Adventure, Drama, Sci-Fi","March 1, 2024"
51. Alien,1979,1h 57m,8.5,https://www.imdb.com/title/tt0078748/?ref_=chttp_t_38,222,"Cyberpunk, Monster Horror, Space Sci-Fi, Horror, Sci-Fi","June 22, 1979"
33. Parasite,2019,2h 12m,8.5,https://www.imdb.com/title/tt6751668/?ref_=chttp_t_39,240,"Dark Comedy, Korean Drama, Psychological Thriller, Tragedy, Drama, Thriller","November 8, 2019"
36. The Lion King,1994,1h 28m,8.5,https://www.imdb.com/title/tt0110357/?ref_=chttp_t_40,249,"Animal Adventure, Coming-of-Age, Hand-Drawn Animation, Jungle Adventure, Adventure, Animation, Drama, Family, Fantasy, Musical","June 24, 1994"
37. The Departed,2006,2h 31m,8.5,https://www.imdb.com/title/tt0407887/?ref_=chttp_t_41,254,"Cop Drama, Epic, Gangster, Crime, Drama, Thriller","October 6, 2006"
39. Whiplash,2014,1h 46m,8.5,https://www.imdb.com/title/tt2582802/?ref_=chttp_t_42,276,"Psychological Drama, Drama, Music","October 15,"
42. The Prestige,2006,2h 10m,8.5,https://www.imdb.com/title/tt0482571/?ref_=chttp_t_43,290,"Period Drama, Steampunk, Tragedy, Drama, Mystery, Sci-Fi, Thriller","October 20, 2006"
30. Back to the Future,1985,1h 56m,8.5,https://www.imdb.com/title/tt0088763/?ref_=chttp_t_44,303,"High-Concept Comedy, Teen Adventure, Teen Comedy, Time Travel, Urban Adventure, Adventure, Comedy, Sci-Fi","July 3, 1985"
43. Léon: The Professional,1994,1h 50m,8.5,https://www.imdb.com/title/tt0110413/?ref_=chttp_t_45,314,"Gangster, One-Person Army Action, Action, Crime, Drama, Thriller","November 18, 1994"
54. Django Unchained,2012,2h 45m,8.5,https://www.imdb.com/title/tt1853728/?ref_=chttp_t_46,326,"Dark Comedy, Epic, Period Drama, Western Epic, Comedy, Drama, Western","December 25, 2012"
46. The Usual Suspects,1995,1h 46m,8.5,https://www.imdb.com/title/tt0114814/?ref_=chttp_t_47,501,"Gangster, Heist, Psychological Drama, Psychological Thriller, Suspense Mystery, Whodunnit, Crime, Drama, Mystery, Thriller","August 16, 1995"
198. Maharaja,2024,2h 21m,8.5,https://www.imdb.com/title/tt26548265/?ref_=chttp_t_48,574,"One-Person Army Action, Action, Crime, Drama, Thriller","June 13, 2024"
41. American History X,1998,1h 59m,8.5,https://www.imdb.com/title/tt0120586/?ref_=chttp_t_49,608,"Prison Drama, Tragedy, Crime, Drama","November 20, 1998"
32. The Pianist,2002,2h 30m,8.5,https://www.imdb.com/title/tt0253474/?ref_=chttp_t_50,642,"Docudrama, Epic, Period Drama, Tragedy, War Epic, Biography, Drama, Music, War","March 28, 2003"
45. Casablanca,1942,1h 42m,8.5,https://www.imdb.com/title/tt0034583/?ref_=chttp_t_51,661,"Drama, Romance, War","January 23, 1943"
35. Psycho,1960,1h 49m,8.5,https://www.imdb.com/title/tt0054215/?ref_=chttp_t_52,695,"Psychological Horror, Psychological Thriller, Slasher Horror, Suspense Mystery, Horror, Mystery, Thriller","September 8, 1960"
38. Grave of the Fireflies,1988,1h 28m,8.5,https://www.imdb.com/title/tt0095327/?ref_=chttp_t_53,739,"Adult Animation, Anime, Hand-Drawn Animation, Period Drama, Animation, Drama, War","July 26, 1989"
47. The Intouchables,2011,1h 52m,8.5,https://www.imdb.com/title/tt1675434/?ref_=chttp_t_54,863,"Docudrama, Comedy, Drama","November 2,"
53. Once Upon a Time in the West,1968,2h 46m,8.5,https://www.imdb.com/title/tt0064116/?ref_=chttp_t_55,"1,001","Desert Adventure, Spaghetti Western, Western Epic, Drama, Western","July 4, 1969"
48. Cinema Paradiso,1988,2h 54m,8.5,https://www.imdb.com/title/tt0095765/?ref_=chttp_t_56,"1,408","Coming-of-Age, Drama, Romance","February 23, 1990"
52. Rear Window,1954,1h 52m,8.5,https://www.imdb.com/title/tt0047396/?ref_=chttp_t_57,"1,671","Suspense Mystery, Drama, Mystery, Thriller","September 1, 1954"
55. City Lights,1931,1h 27m,8.5,https://www.imdb.com/title/tt0021749/?ref_=chttp_t_58,N/A,"Feel-Good Romance, Romantic Comedy, Slapstick, Comedy, Drama, Romance","March 7, 1931"
50. Modern Times,1936,1h 27m,8.5,https://www.imdb.com/title/tt0027977/?ref_=chttp_t_59,N/A,"Slapstick, Comedy, Drama, Romance","February 25, 1936"
70. Inglourious Basterds,2009,2h 33m,8.4,https://www.imdb.com/title/tt0361748/?ref_=chttp_t_60,165,"Dark Comedy, Period Drama, Adventure, Drama, War","August 21, 2009"
59. Raiders of the Lost Ark,1981,1h 55m,8.4,https://www.imdb.com/title/tt0082971/?ref_=chttp_t_61,175,"Adventure Epic, Desert Adventure, Globetrotting Adventure, Quest, Action, Adventure","June 12, 1981"
77. Avengers: Endgame,2019,3h 1m,8.4,https://www.imdb.com/title/tt4154796/?ref_=chttp_t_62,246,"Space Sci-Fi, Superhero, Time Travel, Tragedy, Action, Adventure, Drama, Sci-Fi","April 26, 2019"
85. Joker,2019,2h 2m,8.4,https://www.imdb.com/title/tt7286456/?ref_=chttp_t_63,266,"Psychological Drama, Psychological Thriller, Tragedy, Crime, Drama, Thriller","October 4, 2019"
71. The Dark Knight Rises,2012,2h 44m,8.4,https://www.imdb.com/title/tt1345836/?ref_=chttp_t_64,321,"Action Epic, Epic, Superhero, Action, Drama, Thriller","July 20, 2012"
67. The Shining,1980,2h 26m,8.4,https://www.imdb.com/title/tt0081505/?ref_=chttp_t_65,339,"Psychological Drama, Psychological Horror, Supernatural Horror, Drama, Horror","June 13, 1980"
57. Memento,2000,1h 53m,8.4,https://www.imdb.com/title/tt0209144/?ref_=chttp_t_66,438,"Psychological Thriller, Suspense Mystery, Mystery, Thriller","May 25, 2001"
56. Apocalypse Now,1979,2h 27m,8.4,https://www.imdb.com/title/tt0078788/?ref_=chttp_t_67,448,"Adventure Epic, Epic, Psychological Drama, Quest, War Epic, Drama, Mystery, War","August 15, 1979"
62. Avengers: Infinity War,2018,2h 29m,8.4,https://www.imdb.com/title/tt4154756/?ref_=chttp_t_68,467,"Space Sci-Fi, Superhero, Action, Adventure, Sci-Fi","April 27, 2018"
69. Aliens,1986,2h 17m,8.4,https://www.imdb.com/title/tt0090605/?ref_=chttp_t_69,475,"Alien Invasion, Cyberpunk, Space Sci-Fi, Action, Adventure, Sci-Fi, Thriller","July 18, 1986"
64. Spider-Man: Into the Spider-Verse,2018,1h 57m,8.4,https://www.imdb.com/title/tt4633694/?ref_=chttp_t_70,619,"Computer Animation, Superhero, Supernatural Fantasy, Teen Adventure, Urban Adventure, Action, Adventure, Animation, Comedy, Family","December 14, 2018"
73. Amadeus,1984,2h 40m,8.4,https://www.imdb.com/title/tt0086879/?ref_=chttp_t_71,796,"Costume Drama, Epic, Period Drama, Tragedy, Biography, Drama, Music","September 19, 1984"
58. WALL·E,2008,1h 38m,8.4,https://www.imdb.com/title/tt0910970/?ref_=chttp_t_72,806,"Adventure Epic, Artificial Intelligence, Computer Animation, Dystopian Sci-Fi, Space Sci-Fi, Adventure, Animation, Family, Sci-Fi","June 27, 2008"
72. Coco,2017,1h 45m,8.4,https://www.imdb.com/title/tt2380307/?ref_=chttp_t_73,846,"Computer Animation, Supernatural Fantasy, Adventure, Animation, Drama, Family, Fantasy, Music, Mystery","November 22, 2017"
60. The Lives of Others,2006,2h 17m,8.4,https://www.imdb.com/title/tt0405094/?ref_=chttp_t_74,937,"Political Thriller, Psychological Drama, Spy, Drama, Mystery, Thriller","March 30, 2007"
80. Das Boot,1981,2h 29m,8.4,https://www.imdb.com/title/tt0082096/?ref_=chttp_t_75,994,"War Epic, Drama, War","February 10, 1982"
83. Your Name.,2016,1h 46m,8.4,https://www.imdb.com/title/tt5311514/?ref_=chttp_t_76,"1,021","Anime, Shōjo, Animation, Drama, Fantasy, Romance","April 7, 2017"
63. Sunset Boulevard,1950,1h 50m,8.4,https://www.imdb.com/title/tt0043014/?ref_=chttp_t_77,"1,551","Film Noir, Psychological Drama, Showbiz Drama, Tragedy, Drama","August 4,"
89. Capernaum,2018,2h 6m,8.4,https://www.imdb.com/title/tt8267604/?ref_=chttp_t_78,"1,808",Drama,"September 20,"
86. 3 Idiots,2009,2h 50m,8.4,https://www.imdb.com/title/tt1187043/?ref_=chttp_t_79,"2,633","Coming-of-Age, Comedy, Drama","December 25,"
65. Paths of Glory,1957,1h 28m,8.4,https://www.imdb.com/title/tt0050825/?ref_=chttp_t_80,"2,844","Epic, War Epic, Drama, War","December 25, 1957"
66. Witness for the Prosecution,1957,1h 56m,8.4,https://www.imdb.com/title/tt0051201/?ref_=chttp_t_81,"3,305","Legal Drama, Legal Thriller, Whodunnit, Crime, Drama, Mystery, Thriller","February 6, 1958"
84. High and Low,1963,2h 23m,8.4,https://www.imdb.com/title/tt0057565/?ref_=chttp_t_82,"4,116","Police Procedural, Crime, Drama, Mystery, Thriller","November 26, 1963"
68. The Great Dictator,1940,2h 5m,8.4,https://www.imdb.com/title/tt0032553/?ref_=chttp_t_83,"4,278","Parody, Satire, Slapstick, Comedy, Drama, War","March 7, 1941"
157. The Wild Robot,2024,1h 42m,8.3,https://www.imdb.com/title/tt29623480/?ref_=chttp_t_84,70,"Computer Animation, Survival, Animation, Sci-Fi","September 27, 2024"
112. Oppenheimer,2023,3h,8.3,https://www.imdb.com/title/tt15398776/?ref_=chttp_t_85,90,"Docudrama, Epic, Historical Epic, Period Drama, Psychological Drama, Biography, Drama, History","July 21, 2023"
95. Eternal Sunshine of the Spotless Mind,2004,1h 48m,8.3,https://www.imdb.com/title/tt0338013/?ref_=chttp_t_86,229,"Dark Romance, Psychological Drama, Drama, Romance, Sci-Fi","March 19, 2004"
91. Requiem for a Dream,2000,1h 42m,8.3,https://www.imdb.com/title/tt0180093/?ref_=chttp_t_87,241,"Psychological Drama, Tragedy, Drama","December 15, 2000"
79. Good Will Hunting,1997,2h 6m,8.3,https://www.imdb.com/title/tt0119217/?ref_=chttp_t_88,242,"Coming-of-Age, Psychological Drama, Drama, Romance","January 9, 1998"
78. American Beauty,1999,2h 2m,8.3,https://www.imdb.com/title/tt0169547/?ref_=chttp_t_89,270,"Psychological Drama, Tragedy, Drama","October 1, 1999"
101. Incendies,2010,2h 11m,8.3,https://www.imdb.com/title/tt1255953/?ref_=chttp_t_90,289,"Suspense Mystery, Drama, Mystery, War","April 22, 2011"
81. Braveheart,1995,2h 58m,8.3,https://www.imdb.com/title/tt0112573/?ref_=chttp_t_91,333,"Costume Drama, Epic, Period Drama, War Epic, Biography, Drama, War","May 24, 1995"
107. Heat,1995,2h 50m,8.3,https://www.imdb.com/title/tt0113277/?ref_=chttp_t_92,355,"Cop Drama, Epic, Gangster, Heist, Action, Crime, Drama","December 15, 1995"
75. Oldboy,2003,2h,8.3,https://www.imdb.com/title/tt0364569/?ref_=chttp_t_93,361,"Dark Comedy, One-Person Army Action, Psychological Thriller, Action, Drama, Mystery, Thriller","November 21, 2003"
102. Scarface,1983,2h 50m,8.3,https://www.imdb.com/title/tt0086250/?ref_=chttp_t_94,428,"Drug Crime, Epic, Gangster, Tragedy, Crime, Drama","December 9, 1983"
94. The Hunt,2012,1h 55m,8.3,https://www.imdb.com/title/tt2106476/?ref_=chttp_t_95,508,"Psychological Drama, Tragedy, Drama","November 14,"
87. Once Upon a Time in America,1984,3h 49m,8.3,https://www.imdb.com/title/tt0087843/?ref_=chttp_t_96,532,"Dark Comedy, Epic, Gangster, Period Drama, Crime, Drama","June 1, 1984"
97. 2001: A Space Odyssey,1968,2h 29m,8.3,https://www.imdb.com/title/tt0062622/?ref_=chttp_t_97,551,"Adventure Epic, Artificial Intelligence, Sci-Fi Epic, Space Sci-Fi, Adventure, Sci-Fi","May 12, 1968"
90. Come and See,1985,2h 22m,8.3,https://www.imdb.com/title/tt0091251/?ref_=chttp_t_98,565,"Epic, Period Drama, Tragedy, War Epic, Drama, Thriller, War","September 3,"
98. Reservoir Dogs,1992,1h 39m,8.3,https://www.imdb.com/title/tt0105236/?ref_=chttp_t_99,568,"Gangster, Heist, Crime, Thriller","September 2,"
74. Toy Story,1995,1h 21m,8.3,https://www.imdb.com/title/tt0114709/?ref_=chttp_t_100,728,"Buddy Comedy, Computer Animation, Supernatural Fantasy, Urban Adventure, Adventure, Animation, Comedy, Family, Fantasy","November 22, 1995"
114. To Kill a Mockingbird,1962,2h 9m,8.3,https://www.imdb.com/title/tt0056592/?ref_=chttp_t_101,760,"Legal Drama, Period Drama, Crime, Drama","March 16, 1963"
128. Hamilton,2020,2h 40m,8.3,https://www.imdb.com/title/tt8503618/?ref_=chttp_t_102,801,"Epic, Biography, Drama, History, Musical","July 3, 2020"
93. Star Wars: Episode VI - Return of the Jedi,1983,2h 11m,8.3,https://www.imdb.com/title/tt0086190/?ref_=chttp_t_103,862,"Action Epic, Adventure Epic, Fantasy Epic, Quest, Sci-Fi Epic, Space Sci-Fi, Sword & Sorcery, Action, Adventure, Fantasy","May 25, 1983"
111. Amélie,2001,2h 2m,8.3,https://www.imdb.com/title/tt0211915/?ref_=chttp_t_104,"1,005","Feel-Good Romance, Quirky Comedy, Romantic Comedy, Comedy, Romance","February 8, 2002"
105. Citizen Kane,1941,1h 59m,8.3,https://www.imdb.com/title/tt0033467/?ref_=chttp_t_105,"1,148","Epic, Tragedy, Drama, Mystery","September 5, 1941"
100. Lawrence of Arabia,1962,3h 47m,8.3,https://www.imdb.com/title/tt0056172/?ref_=chttp_t_106,"1,271","Adventure Epic, Desert Adventure, War Epic, Adventure, Biography, Drama, War","April 2, 2013"
110. Up,2009,1h 36m,8.3,https://www.imdb.com/title/tt1049413/?ref_=chttp_t_107,"1,280","Coming-of-Age, Computer Animation, Globetrotting Adventure, Adventure, Animation, Comedy, Drama, Family","July 23, 2009"
82. Princess Mononoke,1997,2h 13m,8.3,https://www.imdb.com/title/tt0119698/?ref_=chttp_t_108,"1,321","Action Epic, Adult Animation, Adventure Epic, Anime, Dark Fantasy, Fantasy Epic, Hand-Drawn Animation, Quest, Adventure, Animation","July 12,"
76. Dr. Strangelove or: How I Learned to Stop Worrying and Love the Bomb,1964,1h 35m,8.3,https://www.imdb.com/title/tt0057012/?ref_=chttp_t_109,"1,333","Dark Comedy, Farce, Political Drama, Satire, Comedy, War","January 29, 1964"
92. Toy Story 3,2010,1h 43m,8.3,https://www.imdb.com/title/tt0435761/?ref_=chttp_t_110,"1,382","Computer Animation, Supernatural Fantasy, Urban Adventure, Adventure, Animation, Comedy, Family, Fantasy","June 18, 2010"
103. North by Northwest,1959,2h 16m,8.3,https://www.imdb.com/title/tt0053125/?ref_=chttp_t_111,"1,443","Spy, Adventure, Drama, Mystery, Thriller","December 18, 1959"
120. Metropolis,1927,2h 33m,8.3,https://www.imdb.com/title/tt0017136/?ref_=chttp_t_112,"1,507","Dystopian Sci-Fi, Epic, Sci-Fi Epic, Steampunk, Drama, Sci-Fi","March 13, 1927"
99. The Apartment,1960,2h 5m,8.3,https://www.imdb.com/title/tt0053604/?ref_=chttp_t_113,"1,573","Farce, Holiday Comedy, Holiday Romance, Romantic Comedy, Comedy, Drama, Holiday, Romance","June 29,"
108. Vertigo,1958,2h 8m,8.3,https://www.imdb.com/title/tt0052357/?ref_=chttp_t_114,"1,801","Psychological Thriller, Suspense Mystery, Mystery, Romance, Thriller","May 28, 1958"
88. Singin' in the Rain,1952,1h 43m,8.3,https://www.imdb.com/title/tt0045152/?ref_=chttp_t_115,"2,003","Classic Musical, Feel-Good Romance, Jukebox Musical, Romantic Comedy, Comedy, Musical, Romance","April 10, 1952"
106. M,1931,1h 39m,8.3,https://www.imdb.com/title/tt0022100/?ref_=chttp_t_116,"2,796","Psychological Thriller, Serial Killer, Suspense Mystery, Crime, Mystery, Thriller","August 31,"
116. The Sting,1973,2h 9m,8.3,https://www.imdb.com/title/tt0070735/?ref_=chttp_t_117,"2,861","Caper, Comedy, Crime, Drama","December 25, 1973"
96. Ikiru,1952,2h 23m,8.3,https://www.imdb.com/title/tt0044741/?ref_=chttp_t_118,"2,906","Psychological Drama, Tragedy, Drama","March 25, 1956"
115. A Separation,2011,2h 3m,8.3,https://www.imdb.com/title/tt1832382/?ref_=chttp_t_119,"3,034","Legal Drama, Psychological Drama, Drama","March 16,"
135. Judgment at Nuremberg,1961,2h 59m,8.3,https://www.imdb.com/title/tt0055031/?ref_=chttp_t_120,"3,854","Legal Drama, Drama, War","December 18,"
104. Double Indemnity,1944,1h 47m,8.3,https://www.imdb.com/title/tt0036775/?ref_=chttp_t_121,"4,070","Film Noir, Hard-boiled Detective, Crime, Drama, Mystery, Thriller","July 6, 1944"
124. Bicycle Thieves,1948,1h 29m,8.3,https://www.imdb.com/title/tt0040522/?ref_=chttp_t_122,"4,197","Tragedy, Drama","December 13, 1949"
118. Like Stars on Earth,2007,2h 42m,8.3,https://www.imdb.com/title/tt0986264/?ref_=chttp_t_123,N/A,"Drama, Family","December 21,"
126. Dangal,2016,2h 41m,8.3,https://www.imdb.com/title/tt5074352/?ref_=chttp_t_124,N/A,"Action, Biography, Drama, Sport","December 21, 2016"
117. Die Hard,1988,2h 12m,8.2,https://www.imdb.com/title/tt0095016/?ref_=chttp_t_125,45,"One-Person Army Action, Action, Holiday, Thriller","July 20, 1988"
169. Klaus,2019,1h 36m,8.2,https://www.imdb.com/title/tt4729430/?ref_=chttp_t_126,84,"Hand-Drawn Animation, Holiday Animation, Holiday Comedy, Holiday Family, Adventure, Animation, Comedy, Family, Fantasy, Holiday","November 15, 2019"
129. The Wolf of Wall Street,2013,3h,8.2,https://www.imdb.com/title/tt0993846/?ref_=chttp_t_127,171,"Dark Comedy, Docudrama, Epic, Satire, True Crime, Biography, Comedy, Crime, Drama, Financial Drama","December 25, 2013"
146. No Country for Old Men,2007,2h 2m,8.2,https://www.imdb.com/title/tt0477348/?ref_=chttp_t_128,196,"Contemporary Western, Serial Killer, Crime, Drama, Thriller","November 21, 2007"
154. Prisoners,2013,2h 33m,8.2,https://www.imdb.com/title/tt1392214/?ref_=chttp_t_129,228,"Psychological Thriller, Suspense Mystery, Crime, Drama, Mystery, Thriller","September 20, 2013"
178. Spider-Man: No Way Home,2021,2h 28m,8.2,https://www.imdb.com/title/tt10872600/?ref_=chttp_t_130,259,"Superhero, Supernatural Fantasy, Urban Adventure, Action, Adventure, Fantasy, Sci-Fi","December 17, 2021"
143. Top Gun: Maverick,2022,2h 10m,8.2,https://www.imdb.com/title/tt1745960/?ref_=chttp_t_131,278,"Action Epic, Epic, Action, Drama","May 27, 2022"
141. Jurassic Park,1993,2h 7m,8.2,https://www.imdb.com/title/tt0107290/?ref_=chttp_t_132,306,"Dinosaur Adventure, Jungle Adventure, Action, Adventure, Sci-Fi, Thriller","June 11, 1993"
148. The Thing,1982,1h 49m,8.2,https://www.imdb.com/title/tt0084787/?ref_=chttp_t_133,359,"Alien Invasion, Body Horror, Monster Horror, Supernatural Horror, Tragedy, Horror, Mystery, Sci-Fi","June 25, 1982"
134. The Truman Show,1998,1h 43m,8.2,https://www.imdb.com/title/tt0120382/?ref_=chttp_t_134,370,"Dark Comedy, High-Concept Comedy, Psychological Drama, Satire, Showbiz Drama, Comedy, Drama","June 5, 1998"
127. Taxi Driver,1976,1h 54m,8.2,https://www.imdb.com/title/tt0075314/?ref_=chttp_t_135,421,"Psychological Drama, Crime, Drama","February 9, 1976"
130. Batman Begins,2005,2h 20m,8.2,https://www.imdb.com/title/tt0372784/?ref_=chttp_t_136,471,"Action Epic, Epic, Superhero, Tragedy, Action, Drama","June 15, 2005"
119. Indiana Jones and the Last Crusade,1989,2h 7m,8.2,https://www.imdb.com/title/tt0097576/?ref_=chttp_t_137,473,"Adventure Epic, Desert Adventure, Globetrotting Adventure, Quest, Action, Adventure","May 24, 1989"
138. Shutter Island,2010,2h 18m,8.2,https://www.imdb.com/title/tt1130884/?ref_=chttp_t_138,509,"Psychological Thriller, Suspense Mystery, Drama, Mystery, Thriller","February 19, 2010"
140. There Will Be Blood,2007,2h 38m,8.2,https://www.imdb.com/title/tt0469494/?ref_=chttp_t_139,548,"Epic, Period Drama, Psychological Drama, Tragedy, Drama","January 25, 2008"
123. L.A. Confidential,1997,2h 18m,8.2,https://www.imdb.com/title/tt0119488/?ref_=chttp_t_140,549,"Conspiracy Thriller, Cop Drama, Hard-boiled Detective, Period Drama, Police Procedural, Suspense Mystery, Whodunnit, Crime, Drama, Mystery","September 19, 1997"
144. The Sixth Sense,1999,1h 47m,8.2,https://www.imdb.com/title/tt0167404/?ref_=chttp_t_141,555,"Psychological Drama, Psychological Thriller, Suspense Mystery, Drama, Mystery, Thriller","August 6, 1999"
122. 1917,2019,1h 59m,8.2,https://www.imdb.com/title/tt8579674/?ref_=chttp_t_142,572,"Epic, Period Drama, War Epic, Action, Drama, War","January 10, 2020"
132. Green Book,2018,2h 10m,8.2,https://www.imdb.com/title/tt6966692/?ref_=chttp_t_143,573,"Docudrama, Period Drama, Road Trip, Biography, Comedy, Drama, Music","November 16, 2018"
113. A Clockwork Orange,1971,2h 16m,8.2,https://www.imdb.com/title/tt0066921/?ref_=chttp_t_144,602,"Dark Comedy, Dystopian Sci-Fi, Crime, Sci-Fi","February 2, 1972"
121. Snatch,2000,1h 42m,8.2,https://www.imdb.com/title/tt0208092/?ref_=chttp_t_145,610,"Caper, Dark Comedy, Gangster, Comedy, Crime","January 19, 2001"
159. Howl's Moving Castle,2004,1h 59m,8.2,https://www.imdb.com/title/tt0347149/?ref_=chttp_t_146,621,"Adventure Epic, Anime, Hand-Drawn Animation, Supernatural Fantasy, Adventure, Animation, Family, Fantasy","June 17, 2005"
149. Unforgiven,1992,2h 10m,8.2,https://www.imdb.com/title/tt0105695/?ref_=chttp_t_147,622,"Period Drama, Tragedy, Drama, Western","August 7, 1992"
150. A Beautiful Mind,2001,2h 15m,8.2,https://www.imdb.com/title/tt0268978/?ref_=chttp_t_148,660,"Docudrama, Period Drama, Psychological Drama, Biography, Drama, Mystery","January 4, 2002"
109. Full Metal Jacket,1987,1h 56m,8.2,https://www.imdb.com/title/tt0093058/?ref_=chttp_t_149,676,"Period Drama, Drama, War","July 10, 1987"
151. Kill Bill: Vol. 1,2003,1h 51m,8.2,https://www.imdb.com/title/tt0266697/?ref_=chttp_t_150,690,"Martial Arts, One-Person Army Action, Action, Crime, Thriller","October 10, 2003"
142. Casino,1995,2h 58m,8.2,https://www.imdb.com/title/tt0112641/?ref_=chttp_t_151,777,"Docudrama, Epic, Gangster, True Crime, Crime, Drama","November 22, 1995"
155. Finding Nemo,2003,1h 40m,8.2,https://www.imdb.com/title/tt0266543/?ref_=chttp_t_152,928,"Animal Adventure, Buddy Comedy, Computer Animation, Quest, Sea Adventure, Adventure, Animation, Comedy, Family","May 30, 2003"
147. Pan's Labyrinth,2006,1h 58m,8.2,https://www.imdb.com/title/tt0457430/?ref_=chttp_t_153,"1,004","Coming-of-Age, Dark Fantasy, Fairy Tale, Period Drama, Supernatural Fantasy, Teen Fantasy, Tragedy, Drama, Fantasy, War","January 19, 2007"
163. Gone with the Wind,1939,3h 58m,8.2,https://www.imdb.com/title/tt0031381/?ref_=chttp_t_154,"1,027","Costume Drama, Epic, Period Drama, Romantic Epic, Tragic Romance, War Epic, Drama, Romance, War","January 17, 1940"
125. Downfall,2004,2h 36m,8.2,https://www.imdb.com/title/tt0363163/?ref_=chttp_t_155,"1,277","Docudrama, Political Drama, Tragedy, Biography, Drama, History, War","April 8, 2005"
137. The Father,2020,1h 37m,8.2,https://www.imdb.com/title/tt10272386/?ref_=chttp_t_156,"1,361","Psychological Drama, Drama, Mystery","February 26, 2021"
160. The Elephant Man,1980,2h 4m,8.2,https://www.imdb.com/title/tt0080678/?ref_=chttp_t_157,"1,704","Docudrama, Period Drama, Tragedy, Biography, Drama","October 10, 1980"
133. Some Like It Hot,1959,2h 1m,8.2,https://www.imdb.com/title/tt0053291/?ref_=chttp_t_158,"1,768","Buddy Comedy, Farce, Screwball Comedy, Comedy, Music, Romance","March 19, 1959"
165. The Secret in Their Eyes,2009,2h 9m,8.2,https://www.imdb.com/title/tt1305806/?ref_=chttp_t_159,"1,786","Dark Romance, Erotic Thriller, Legal Thriller, Period Drama, Psychological Drama, Psychological Thriller, Suspense Mystery, Tragedy, Whodunnit, Drama","May 21, 2010"
158. Monty Python and the Holy Grail,1975,1h 31m,8.2,https://www.imdb.com/title/tt0071853/?ref_=chttp_t_160,"1,798","Parody, Quest, Sketch Comedy, Slapstick, Sword & Sorcery, Adventure, Comedy, Fantasy","June 27,"
156. The Great Escape,1963,2h 52m,8.2,https://www.imdb.com/title/tt0057115/?ref_=chttp_t_161,"1,932","Period Drama, Prison Drama, War Epic, Adventure, Drama, Thriller, War","July 4, 1963"
131. For a Few Dollars More,1965,2h 12m,8.2,https://www.imdb.com/title/tt0059578/?ref_=chttp_t_162,"2,579","One-Person Army Action, Spaghetti Western, Drama, Western","May 10, 1967"
145. Ran,1985,2h 40m,8.2,https://www.imdb.com/title/tt0089881/?ref_=chttp_t_163,"2,749","Samurai, Tragedy, War Epic, Action, Drama, War","June 1,"
161. Rashomon,1950,1h 28m,8.2,https://www.imdb.com/title/tt0042876/?ref_=chttp_t_164,"4,387","Period Drama, Crime, Drama, Mystery","December 26, 1951"
162. Dial M for Murder,1954,1h 45m,8.2,https://www.imdb.com/title/tt0046912/?ref_=chttp_t_165,"4,438","Crime, Thriller","May 29, 1954"
139. All About Eve,1950,2h 18m,8.2,https://www.imdb.com/title/tt0042192/?ref_=chttp_t_166,"4,597","Showbiz Drama, Drama","October 27, 1950"
153. Yojimbo,1961,1h 50m,8.2,https://www.imdb.com/title/tt0055630/?ref_=chttp_t_167,N/A,"One-Person Army Action, Period Drama, Samurai, Action, Drama, Thriller","September 13, 1961"
152. The Treasure of the Sierra Madre,1948,2h 6m,8.2,https://www.imdb.com/title/tt0040897/?ref_=chttp_t_168,N/A,"Tragedy, Adventure, Drama, Western","January 24, 1948"
185. Children of Heaven,1997,1h 29m,8.2,https://www.imdb.com/title/tt0118849/?ref_=chttp_t_169,N/A,"Drama, Family, Sport","January 22, 1999"
136. The Kid,1921,1h 8m,8.2,https://www.imdb.com/title/tt0012349/?ref_=chttp_t_170,N/A,"Buddy Comedy, Slapstick, Comedy, Drama, Family","February 6, 1921"
237. A Man Escaped,1956,1h 41m,8.2,https://www.imdb.com/title/tt0049902/?ref_=chttp_t_171,N/A,"Prison Drama, Drama, Thriller, War","August 26, 1957"
238. My Father and My Son,2005,1h 52m,8.2,https://www.imdb.com/title/tt0476735/?ref_=chttp_t_172,N/A,"Drama, Family","November 18,"
204. Sherlock Jr.,1924,45m,8.2,https://www.imdb.com/title/tt0015324/?ref_=chttp_t_173,N/A,"Bumbling Detective, Farce, Feel-Good Romance, Slapstick, Action, Comedy, Romance","May 11, 1924"
230. The Wizard of Oz,1939,1h 42m,8.1,https://www.imdb.com/title/tt0032138/?ref_=chttp_t_174,67,"Adventure Epic, Classic Musical, Fairy Tale, Fantasy Epic, Quest, Adventure, Family, Fantasy, Musical","August 25, 1939"
223. Pirates of the Caribbean: The Curse of the Black Pearl,2003,2h 23m,8.1,https://www.imdb.com/title/tt0325980/?ref_=chttp_t_175,272,"Sea Adventure, Supernatural Fantasy, Swashbuckler, Sword & Sandal, Action, Adventure, Fantasy","July 9, 2003"
179. Harry Potter and the Deathly Hallows: Part 2,2011,2h 10m,8.1,https://www.imdb.com/title/tt1201607/?ref_=chttp_t_176,299,"Dark Fantasy, Teen Adventure, Teen Fantasy, Adventure, Family, Fantasy, Mystery","July 15, 2011"
183. Mad Max: Fury Road,2015,2h,8.1,https://www.imdb.com/title/tt1392190/?ref_=chttp_t_177,307,"Action Epic, Adventure Epic, Car Action, Desert Adventure, Dystopian Sci-Fi, Quest, Road Trip, Action, Adventure, Sci-Fi","May 15, 2015"
216. The Big Lebowski,1998,1h 57m,8.1,https://www.imdb.com/title/tt0118715/?ref_=chttp_t_178,340,"Buddy Comedy, Drug Crime, Satire, Stoner Comedy, Comedy, Crime","March 6, 1998"
174. Catch Me If You Can,2002,2h 21m,8.1,https://www.imdb.com/title/tt0264464/?ref_=chttp_t_179,387,"Caper, Coming-of-Age, Docudrama, Period Drama, True Crime, Biography, Crime, Drama","December 25, 2002"
192. Dead Poets Society,1989,2h 8m,8.1,https://www.imdb.com/title/tt0097165/?ref_=chttp_t_180,394,"Coming-of-Age, Teen Drama, Comedy, Drama","June 9, 1989"
188. Blade Runner,1982,1h 57m,8.1,https://www.imdb.com/title/tt0083658/?ref_=chttp_t_181,431,"Artificial Intelligence, Cyber Thriller, Cyberpunk, Dystopian Sci-Fi, Action, Drama, Sci-Fi, Thriller","June 25, 1982"
220. The Terminator,1984,1h 47m,8.1,https://www.imdb.com/title/tt0088247/?ref_=chttp_t_182,478,"Artificial Intelligence, Cyberpunk, Dystopian Sci-Fi, Time Travel, Urban Adventure, Action, Adventure, Sci-Fi","October 26, 1984"
247. The Help,2011,2h 26m,8.1,https://www.imdb.com/title/tt1454029/?ref_=chttp_t_183,495,"Period Drama, Drama","August 10, 2011"
239. The Handmaiden,2016,2h 25m,8.1,https://www.imdb.com/title/tt4016934/?ref_=chttp_t_184,499,"Dark Romance, Erotic Thriller, Psychological Thriller, Steamy Romance, Drama, Romance, Thriller","September 2, 2017"
193. Gone Girl,2014,2h 29m,8.1,https://www.imdb.com/title/tt2267998/?ref_=chttp_t_185,511,"Erotic Thriller, Psychological Drama, Psychological Thriller, Suspense Mystery, Tragedy, Drama, Mystery, Thriller","October 3, 2014"
236. The Sound of Music,1965,2h 52m,8.1,https://www.imdb.com/title/tt0059742/?ref_=chttp_t_186,542,"Classic Musical, Biography, Drama, Family, Musical, Romance","April 1, 1965"
190. The Grand Budapest Hotel,2014,1h 39m,8.1,https://www.imdb.com/title/tt2278388/?ref_=chttp_t_187,563,"Caper, Quirky Comedy, Adventure, Comedy, Crime","March 28, 2014"
167. Inside Out,2015,1h 35m,8.1,https://www.imdb.com/title/tt2096673/?ref_=chttp_t_188,590,"Coming-of-Age, Computer Animation, Adventure, Animation, Comedy, Drama, Family, Fantasy","June 19, 2015"
201. How to Train Your Dragon,2010,1h 38m,8.1,https://www.imdb.com/title/tt0892769/?ref_=chttp_t_189,600,"Computer Animation, Sword & Sorcery, Teen Fantasy, Action, Adventure, Animation, Family, Fantasy","March 26, 2010"
172. Trainspotting,1996,1h 33m,8.1,https://www.imdb.com/title/tt0117951/?ref_=chttp_t_190,670,"Dark Comedy, Psychological Drama, Drama","August 9, 1996"
234. Stand by Me,1986,1h 29m,8.1,https://www.imdb.com/title/tt0092005/?ref_=chttp_t_191,685,"Coming-of-Age, Adventure, Comedy, Drama","August 22, 1986"
184. Ben-Hur,1959,3h 32m,8.1,https://www.imdb.com/title/tt0052618/?ref_=chttp_t_192,697,"Adventure Epic, Epic, Period Drama, Sword & Sandal, Adventure, Drama","November 18,"
191. Hacksaw Ridge,2016,2h 19m,8.1,https://www.imdb.com/title/tt2119532/?ref_=chttp_t_193,734,"Docudrama, Epic, Period Drama, War Epic, Biography, Drama, History, War","November 4, 2016"
168. V for Vendetta,2005,2h 12m,8.1,https://www.imdb.com/title/tt0434409/?ref_=chttp_t_194,735,"Dystopian Sci-Fi, Political Thriller, Superhero, Action, Drama, Sci-Fi, Thriller","March 17, 2006"
194. Memories of Murder,2003,2h 12m,8.1,https://www.imdb.com/title/tt0353969/?ref_=chttp_t_195,742,"Dark Comedy, Korean Drama, Police Procedural, Serial Killer, True Crime, Crime, Drama, Mystery, Thriller","May 2, 2003"
203. Jaws,1975,2h 4m,8.1,https://www.imdb.com/title/tt0073195/?ref_=chttp_t_196,758,"Monster Horror, Sea Adventure, Survival, Adventure, Drama, Horror, Thriller","June 20, 1975"
202. The Deer Hunter,1978,3h 3m,8.1,https://www.imdb.com/title/tt0077416/?ref_=chttp_t_197,770,"Epic, War Epic, Drama, War","February 23, 1979"
175. Fargo,1996,1h 38m,8.1,https://www.imdb.com/title/tt0116282/?ref_=chttp_t_198,778,"Cop Drama, Dark Comedy, Police Procedural, Tragedy, Crime, Drama, Thriller","April 5, 1996"
232. Rush,2013,2h 3m,8.1,https://www.imdb.com/title/tt1979320/?ref_=chttp_t_199,798,"Docudrama, Motorsport, Period Drama, Biography, Drama, Sport","September 27, 2013"
200. Ratatouille,2007,1h 51m,8.1,https://www.imdb.com/title/tt0382932/?ref_=chttp_t_200,813,"Animal Adventure, Computer Animation, Adventure, Animation, Comedy, Family, Fantasy","June 27, 2007"
213. Logan,2017,2h 17m,8.1,https://www.imdb.com/title/tt3315342/?ref_=chttp_t_201,839,"Dystopian Sci-Fi, Road Trip, Superhero, Action, Drama, Sci-Fi, Thriller","March 3, 2017"
229. The Exorcist,1973,2h 2m,8.1,https://www.imdb.com/title/tt0070047/?ref_=chttp_t_202,844,"Body Horror, Supernatural Horror, Horror","December 26, 1973"
209. Ford v Ferrari,2019,2h 32m,8.1,https://www.imdb.com/title/tt1950186/?ref_=chttp_t_203,938,"Docudrama, Motorsport, Period Drama, Action, Biography, Drama, Sport","November 15, 2019"
242. Into the Wild,2007,2h 28m,8.1,https://www.imdb.com/title/tt0758758/?ref_=chttp_t_204,943,"Coming-of-Age, Docudrama, Road Trip, Survival, Tragedy, Adventure, Biography, Drama","October 19, 2007"
177. Warrior,2011,2h 20m,8.1,https://www.imdb.com/title/tt1291584/?ref_=chttp_t_205,"1,048","Boxing, Action, Drama, Sport","September 9, 2011"
"170. Three Billboards Outside Ebbing, Missouri",2017,1h 55m,8.1,https://www.imdb.com/title/tt5027774/?ref_=chttp_t_206,"1,119","Dark Comedy, Satire, Comedy, Crime, Drama","December 1, 2017"
181. Million Dollar Baby,2004,2h 12m,8.1,https://www.imdb.com/title/tt0405159/?ref_=chttp_t_207,"1,179","Boxing, Tragedy, Drama, Sport","January 28, 2005"
214. Rocky,1976,2h,8.1,https://www.imdb.com/title/tt0075148/?ref_=chttp_t_208,"1,207","Boxing, Drama, Sport","December 3, 1976"
222. Platoon,1986,2h,8.1,https://www.imdb.com/title/tt0091763/?ref_=chttp_t_209,"1,315","Drama, War","February 6, 1987"
182. My Neighbor Totoro,1988,1h 26m,8.1,https://www.imdb.com/title/tt0096283/?ref_=chttp_t_210,"1,320","Anime, Hand-Drawn Animation, Iyashikei, Animation, Comedy, Family, Fantasy","July 13, 1990"
186. 12 Years a Slave,2013,2h 14m,8.1,https://www.imdb.com/title/tt2024544/?ref_=chttp_t_211,"1,343","Costume Drama, Docudrama, Epic, Period Drama, Tragedy, Biography, Drama, History","November 8, 2013"
"197. Monsters, Inc.",2001,1h 32m,8.1,https://www.imdb.com/title/tt0198781/?ref_=chttp_t_212,"1,351","Buddy Comedy, Computer Animation, Supernatural Fantasy, Urban Adventure, Adventure, Animation, Comedy, Family, Fantasy","November 23, 2001"
"166. Lock, Stock and Two Smoking Barrels",1998,1h 47m,8.1,https://www.imdb.com/title/tt0120735/?ref_=chttp_t_213,"1,442","Farce, Comedy, Crime","August 28, 1998"
189. Before Sunrise,1995,1h 41m,8.1,https://www.imdb.com/title/tt0112471/?ref_=chttp_t_214,"1,540","Drama, Romance","January 27, 1995"
187. Barry Lyndon,1975,3h 5m,8.1,https://www.imdb.com/title/tt0072684/?ref_=chttp_t_215,"1,566","Costume Drama, Epic, Period Drama, Adventure, Drama, War","December 18, 1975"
164. Chinatown,1974,2h 10m,8.1,https://www.imdb.com/title/tt0071315/?ref_=chttp_t_216,"1,574","Conspiracy Thriller, Hard-boiled Detective, Psychological Drama, Psychological Thriller, Tragedy, Drama, Mystery, Thriller","June 20, 1974"
235. Hachi: A Dog's Tale,2009,1h 33m,8.1,https://www.imdb.com/title/tt1028532/?ref_=chttp_t_217,"1,579","Animal Adventure, Biography, Drama, Family","March 12, 2010"
249. A Silent Voice: The Movie,2016,2h 10m,8.1,https://www.imdb.com/title/tt5323662/?ref_=chttp_t_218,"1,583","Anime, Coming-of-Age, Psychological Drama, Shōnen, Slice of Life, Animation, Drama","September 17,"
218. Spotlight,2015,2h 9m,8.1,https://www.imdb.com/title/tt1895587/?ref_=chttp_t_219,"1,653","Docudrama, Legal Drama, Period Drama, True Crime, Workplace Drama, Biography, Crime, Drama","November 20, 2015"
171. Raging Bull,1980,2h 9m,8.1,https://www.imdb.com/title/tt0081398/?ref_=chttp_t_220,"1,778","Boxing, Docudrama, Biography, Drama, Sport","December 19, 1980"
180. Gran Torino,2008,1h 56m,8.1,https://www.imdb.com/title/tt1205489/?ref_=chttp_t_221,"1,993",Drama,"January 9, 2009"
219. Room,2015,1h 58m,8.1,https://www.imdb.com/title/tt3170832/?ref_=chttp_t_222,"2,073","Psychological Drama, Drama, Thriller","January 22, 2016"
224. La haine,1995,1h 38m,8.1,https://www.imdb.com/title/tt0113247/?ref_=chttp_t_223,"2,102","Gangster, Psychological Drama, Crime, Drama","February 23, 1996"
199. Wild Tales,2014,2h 2m,8.1,https://www.imdb.com/title/tt3011894/?ref_=chttp_t_224,"2,186","Dark Comedy, Comedy, Drama, Thriller","August 21, 2014"
206. Mary and Max,2009,1h 32m,8.1,https://www.imdb.com/title/tt0978762/?ref_=chttp_t_225,"2,287","Adult Animation, Coming-of-Age, Dark Comedy, Stop Motion Animation, Animation, Comedy, Drama","April 9,"
243. The Iron Giant,1999,1h 26m,8.1,https://www.imdb.com/title/tt0129167/?ref_=chttp_t_226,"2,307","Alien Invasion, Artificial Intelligence, Hand-Drawn Animation, High-Concept Comedy, Kaiju, Space Sci-Fi, Action, Adventure, Animation, Comedy","August 6, 1999"
217. The Seventh Seal,1957,1h 36m,8.1,https://www.imdb.com/title/tt0050976/?ref_=chttp_t_227,"2,481","Psychological Drama, Drama, Fantasy","October 13, 1958"
173. The Bridge on the River Kwai,1957,2h 41m,8.1,https://www.imdb.com/title/tt0050212/?ref_=chttp_t_228,"2,540","Jungle Adventure, War Epic, Adventure, Drama, War","December 14, 1957"
212. The Third Man,1949,1h 33m,8.1,https://www.imdb.com/title/tt0041959/?ref_=chttp_t_229,"2,716","Film Noir, Hard-boiled Detective, Whodunnit, Drama, Mystery, Thriller","February 1, 1950"
225. Before Sunset,2004,1h 20m,8.1,https://www.imdb.com/title/tt0381681/?ref_=chttp_t_230,"2,929","Drama, Romance","July 30, 2004"
195. In the Name of the Father,1993,2h 13m,8.1,https://www.imdb.com/title/tt0107207/?ref_=chttp_t_231,"3,032","Docudrama, Legal Drama, Period Drama, Prison Drama, Tragedy, True Crime, Biography, Crime, Drama","February 25, 1994"
233. Network,1976,2h 1m,8.1,https://www.imdb.com/title/tt0074958/?ref_=chttp_t_232,"3,168","Dark Comedy, Workplace Drama, Drama","November 27, 1976"
207. On the Waterfront,1954,1h 48m,8.1,https://www.imdb.com/title/tt0047296/?ref_=chttp_t_233,"3,564","Crime, Drama, Thriller","June 22,"
221. Hotel Rwanda,2004,2h 1m,8.1,https://www.imdb.com/title/tt0395169/?ref_=chttp_t_234,"3,691","Docudrama, Biography, Drama, History, War","February 4, 2005"
248. Rebecca,1940,2h 10m,8.1,https://www.imdb.com/title/tt0032976/?ref_=chttp_t_235,"4,091","Dark Romance, Psychological Thriller, Drama, Mystery, Romance, Thriller","April 12, 1940"
226. The Best Years of Our Lives,1946,2h 50m,8.1,https://www.imdb.com/title/tt0036868/?ref_=chttp_t_236,"4,577","Epic, Feel-Good Romance, Drama, Romance, War","May 29,"
241. The Battle of Algiers,1966,2h 1m,8.1,https://www.imdb.com/title/tt0058946/?ref_=chttp_t_237,N/A,"Docudrama, Political Drama, Drama, War","September 20, 1967"
208. The Wages of Fear,1953,2h 36m,8.1,https://www.imdb.com/title/tt0046268/?ref_=chttp_t_238,N/A,"Psychological Drama, Survival, Adventure, Drama, Thriller","February 16, 1955"
244. The Grapes of Wrath,1940,2h 9m,8.1,https://www.imdb.com/title/tt0032551/?ref_=chttp_t_239,N/A,Drama,"March 15, 1940"
210. Mr. Smith Goes to Washington,1939,2h 9m,8.1,https://www.imdb.com/title/tt0031679/?ref_=chttp_t_240,N/A,"Political Drama, Comedy, Drama","October 19, 1939"
211. Wild Strawberries,1957,1h 32m,8.1,https://www.imdb.com/title/tt0050986/?ref_=chttp_t_241,N/A,"Psychological Drama, Drama, Romance","June 22, 1959"
215. Tokyo Story,1953,2h 17m,8.1,https://www.imdb.com/title/tt0046438/?ref_=chttp_t_242,N/A,"Psychological Drama, Drama","March 13, 1972"
240. To Be or Not to Be,1942,1h 39m,8.1,https://www.imdb.com/title/tt0035446/?ref_=chttp_t_243,N/A,"Screwball Comedy, Comedy, Romance, War","March 6, 1942"
228. The Passion of Joan of Arc,1928,1h 54m,8.1,https://www.imdb.com/title/tt0019254/?ref_=chttp_t_244,N/A,"Legal Drama, Period Drama, Psychological Drama, Tragedy, Biography, Drama, History","October 25,"
205. The General,1926,1h 18m,8.1,https://www.imdb.com/title/tt0017925/?ref_=chttp_t_245,N/A,"Farce, Slapstick, Action, Adventure, Comedy, Drama, War","January 2, 1927"
196. The Gold Rush,1925,1h 35m,8.1,https://www.imdb.com/title/tt0015864/?ref_=chttp_t_246,N/A,"Farce, Feel-Good Romance, Romantic Comedy, Slapstick, Adventure, Comedy, Drama, Romance, Western","August 16, 1925"
231. The Incredibles,2004,1h 55m,8.0,https://www.imdb.com/title/tt0317705/?ref_=chttp_t_247,867,"Computer Animation, Superhero, Urban Adventure, Action, Adventure, Animation, Family","November 5, 2004"
245. Groundhog Day,1993,1h 41m,8.0,https://www.imdb.com/title/tt0107048/?ref_=chttp_t_248,"1,101","Feel-Good Romance, High-Concept Comedy, Holiday Comedy, Holiday Romance, Romantic Comedy, Comedy, Drama, Fantasy, Romance","February 12, 1993"
250. Cool Hand Luke,1967,2h 7m,8.0,https://www.imdb.com/title/tt0061512/?ref_=chttp_t_249,"3,214","Prison Drama, Tragedy, Crime, Drama","November 1, 1967"
246. Amores Perros,2000,2h 34m,8.0,https://www.imdb.com/title/tt0245712/?ref_=chttp_t_250,"3,560","Tragedy, Drama, Thriller","April 13, 2001"
